soil_id,sample_type,device,water_content,suction
cedlbl,undisturbed,sem,0.7115,0.009806709750811507
cedlbl,undisturbed,sem,0.7111,1.1655296382667804
cedlbl,undisturbed,sem,0.7108,1.929848966575639
cedlbl,undisturbed,sem,0.7101999999999999,2.802356104554184
cedlbl,undisturbed,sem,0.7095,3.7889888012677053
cedlbl,undisturbed,sem,0.7090000000000001,4.858736217206757
cedlbl,undisturbed,sem,0.7084,6.074678831008635
cedlbl,undisturbed,sem,0.7077,6.005142557440582
cedlbl,undisturbed,sem,0.7069,4.461935845976294
cedlbl,undisturbed,sem,0.7062,4.618737939188131
cedlbl,undisturbed,sem,0.7053,5.7613375619516995
cedlbl,undisturbed,sem,0.7045,6.6454335802402165
cedlbl,undisturbed,sem,0.7036,7.006858087843733
cedlbl,undisturbed,sem,0.7027,7.08799368057752
cedlbl,undisturbed,sem,0.7020000000000001,7.08799368057752
cedlbl,undisturbed,sem,0.7009000000000001,7.153578078616163
cedlbl,undisturbed,sem,0.6998000000000001,7.219769321618266
cedlbl,undisturbed,sem,0.6989,7.387939352695546
cedlbl,undisturbed,sem,0.6978,7.203164312962656
cedlbl,undisturbed,sem,0.6968000000000001,7.456299113867491
cedlbl,undisturbed,sem,0.6957,7.934568643814246
cedlbl,undisturbed,sem,0.6944,8.100714414658864
cedlbl,undisturbed,sem,0.6931,8.327666444737366
cedlbl,undisturbed,sem,0.6918000000000001,8.780582376848258
cedlbl,undisturbed,sem,0.6904,10.483910908225456
cedlbl,undisturbed,sem,0.6889,11.817437706522417
cedlbl,undisturbed,sem,0.6873999999999999,12.460151466677212
cedlbl,undisturbed,sem,0.6859000000000001,13.94836558553726
cedlbl,undisturbed,sem,0.6842,16.23765544585744
cedlbl,undisturbed,sem,0.6825,19.702590075695326
cedlbl,undisturbed,sem,0.6808,24.072617858852322
cedlbl,undisturbed,sem,0.6789000000000001,27.766639493575422
cedlbl,undisturbed,sem,0.6770999999999999,29.75249025893902
cedlbl,undisturbed,sem,0.6754000000000001,33.61424194589151
cedlbl,undisturbed,sem,0.6737000000000001,39.40245862538762
cedlbl,undisturbed,sem,0.6718000000000001,44.414351129597705
cedlbl,undisturbed,sem,0.6698000000000001,49.03693549901233
cedlbl,undisturbed,sem,0.6679,53.03020691623903
cedlbl,undisturbed,sem,0.6659,57.08517301692358
cedlbl,undisturbed,sem,0.6639,61.87615542460046
cedlbl,undisturbed,sem,0.6618,68.00225613327015
cedlbl,undisturbed,sem,0.6597,74.2204053133709
cedlbl,undisturbed,sem,0.6576000000000001,79.7119294862362
cedlbl,undisturbed,sem,0.6556000000000001,85.60976830550959
cedlbl,undisturbed,sem,0.6534,93.00864591902575
cedlbl,undisturbed,sem,0.6512,101.04697614435634
cedlbl,undisturbed,sem,0.649,109.52753702332636
cedlbl,undisturbed,sem,0.6468,118.17437706522418
cedlbl,undisturbed,sem,0.6446,126.62612640981601
cedlbl,undisturbed,sem,0.6422,135.68233899557532
cedlbl,undisturbed,sem,0.6396999999999999,145.05186652756248
cedlbl,undisturbed,sem,0.6373,152.58903331389075
cedlbl,undisturbed,sem,0.635,162.0030987466059
cedlbl,undisturbed,sem,0.6325999999999999,171.99797019169785
cedlbl,undisturbed,sem,0.6301,181.35240597602044
cedlbl,undisturbed,sem,0.6275999999999999,184.72399893006838
cedlbl,undisturbed,sem,0.6252,199.76680406250006
cedlbl,undisturbed,sem,0.6227,224.6587414821638
cedlbl,undisturbed,sem,0.6201,240.1725237415289
cedlbl,undisturbed,sem,0.6174000000000001,257.34949577668573
cedlbl,undisturbed,sem,0.6146,275.1207341255566
cedlbl,undisturbed,sem,0.6118,294.1191631922458
cedlbl,undisturbed,sem,0.6088,313.7063586403387
cedlbl,undisturbed,sem,0.6058,336.14241945891524
cedlbl,undisturbed,sem,0.6027,360.1830917595048
cedlbl,undisturbed,sem,0.5997,385.9431362404778
cedlbl,undisturbed,sem,0.5967,411.6454521295347
cedlbl,undisturbed,sem,0.5936,439.059442563437
cedlbl,undisturbed,sem,0.5906,468.29909842768114
cedlbl,undisturbed,sem,0.5876,500.63743610968464
cedlbl,undisturbed,sem,0.5846,536.4426777161857
cedlbl,undisturbed,sem,0.5815,572.1676793144569
cedlbl,undisturbed,sem,0.5784,610.2718274501178
cedlbl,undisturbed,sem,0.5753,649.4165044000375
cedlbl,undisturbed,sem,0.5722999999999999,686.3147326222886
cedlbl,undisturbed,sem,0.5693,725.309426266525
cedlbl,undisturbed,sem,0.5664,768.2867116790187
cedlbl,undisturbed,sem,0.5635,810.0714414658858
cedlbl,undisturbed,sem,0.5605,852.164271495133
cedlbl,undisturbed,sem,0.5575,896.4443238472213
cedlbl,undisturbed,sem,0.5543,943.0252506925154
cedlbl,undisturbed,sem,0.5511,992.0266097811127
cedlbl,undisturbed,sem,0.5483,1041.1740173173982
cedlbl,undisturbed,sem,0.5466,1087.7355476188338
cedlbl,undisturbed,sem,0.5446,1136.3793197626053
cedlbl,undisturbed,sem,0.5415,1184.4679713906698
cedlbl,undisturbed,sem,0.5384,1240.2902270951065
cedlbl,undisturbed,sem,0.5351,1295.756277948216
cedlbl,undisturbed,sem,0.5317000000000001,1350.5893527512194
cedlbl,undisturbed,sem,0.5281,1414.2406679593887
cedlbl,undisturbed,sem,0.5243,1082.7378567456176
cedlbl,undisturbed,sem,0.39990000000000003,6768.9814147183215
cedlbl,undisturbed,dewpoint,0.0933,551471.815702846
cedlbl,undisturbed,dewpoint,0.2535,29615.789983446462
cedlbl,undisturbed,dewpoint,0.1381,229891.7158133119
cedlbl,undisturbed,dewpoint,0.2669,23524.65817751606
fgdgik,undisturbed,sem,0.6562,0.009806709750811507
fgdgik,undisturbed,sem,0.6548999999999999,1.1790258354016465
fgdgik,undisturbed,sem,0.6537999999999999,2.0774152800781613
fgdgik,undisturbed,sem,0.6523,2.9209446111435504
fgdgik,undisturbed,sem,0.6509999999999999,3.895142241121891
fgdgik,undisturbed,sem,0.6496999999999999,4.544889426761414
fgdgik,undisturbed,sem,0.6484000000000001,5.122987800444438
fgdgik,undisturbed,sem,0.647,5.656181300489853
fgdgik,undisturbed,sem,0.6455,5.936402259013971
fgdgik,undisturbed,sem,0.644,6.753413189478147
fgdgik,undisturbed,sem,0.6426000000000001,7.5600265670085625
fgdgik,undisturbed,sem,0.6409999999999999,8.213406577623863
fgdgik,undisturbed,sem,0.6395000000000001,7.120710372901656
fgdgik,undisturbed,sem,0.638,4.9376843297398745
fgdgik,undisturbed,sem,0.6363,4.492864507698596
fgdgik,undisturbed,sem,0.6346,5.0179152459062655
fgdgik,undisturbed,sem,0.6329,5.643172444490659
fgdgik,undisturbed,sem,0.6311,6.116786493046252
fgdgik,undisturbed,sem,0.6293,6.173384421621811
fgdgik,undisturbed,sem,0.6275,6.4643270659728875
fgdgik,undisturbed,sem,0.6256,7.120710372901656
fgdgik,undisturbed,sem,0.6236999999999999,7.6299786315698
fgdgik,undisturbed,sem,0.6218,7.952859713583675
fgdgik,undisturbed,sem,0.6197,8.385391070840567
fgdgik,undisturbed,sem,0.6177,8.943825591157385
fgdgik,undisturbed,sem,0.6158,9.047390210498703
fgdgik,undisturbed,sem,0.6138,9.300864591902572
fgdgik,undisturbed,sem,0.6118,9.761652012351815
fgdgik,undisturbed,sem,0.6095,10.058270746108281
fgdgik,undisturbed,sem,0.6074,10.316284765504143
fgdgik,undisturbed,sem,0.6054999999999999,10.62975663689876
fgdgik,undisturbed,sem,0.6033,11.079580612848728
fgdgik,undisturbed,sem,0.6011,11.655296382667801
fgdgik,undisturbed,sem,0.5988,11.790258354016467
fgdgik,undisturbed,sem,0.5965,12.009455622334281
fgdgik,undisturbed,sem,0.5943,12.431493913542534
fgdgik,undisturbed,sem,0.5920000000000001,12.72106060530892
fgdgik,undisturbed,sem,0.5897,13.228887454194364
fgdgik,undisturbed,sem,0.5870000000000001,13.72534664338506
fgdgik,undisturbed,sem,0.5846,14.207685062858674
fgdgik,undisturbed,sem,0.5826,14.706973899465273
fgdgik,undisturbed,sem,0.5804,15.188795038907937
fgdgik,undisturbed,sem,0.5782,15.686401316204302
fgdgik,undisturbed,sem,0.5759000000000001,16.12587621201059
fgdgik,undisturbed,sem,0.5736,16.654182585850336
fgdgik,undisturbed,sem,0.5715,17.081394449320047
fgdgik,undisturbed,sem,0.5695,17.47927123837257
fgdgik,undisturbed,sem,0.5675,17.96897571242031
fgdgik,undisturbed,sem,0.5654,18.47239989300684
fgdgik,undisturbed,sem,0.5629,19.077581681288432
fgdgik,undisturbed,sem,0.5599000000000001,19.930735316278373
fgdgik,undisturbed,sem,0.5564,20.82204216885408
fgdgik,undisturbed,sem,0.5524,21.903994496773905
fgdgik,undisturbed,sem,0.5481,23.362715569707962
fgdgik,undisturbed,sem,0.5438000000000001,24.97602507168745
fgdgik,undisturbed,sem,0.5390999999999999,26.70074146647491
fgdgik,undisturbed,sem,0.5338,28.80867748635917
fgdgik,undisturbed,sem,0.5283,31.37063586403387
fgdgik,undisturbed,sem,0.5229,34.081862631846874
fgdgik,undisturbed,sem,0.5175,36.68793953889374
fgdgik,undisturbed,sem,0.5122,39.40245862538762
fgdgik,undisturbed,sem,0.5072,41.92985124707871
fgdgik,undisturbed,sem,0.5025,44.21028572255446
fgdgik,undisturbed,sem,0.4976,46.50753501095847
fgdgik,undisturbed,sem,0.4926,48.92415367702702
fgdgik,undisturbed,sem,0.4878,51.584986554089525
fgdgik,undisturbed,sem,0.48340000000000005,54.26543911658578
fgdgik,undisturbed,sem,0.479,57.08517301692358
fgdgik,undisturbed,sem,0.4746,59.91331112822
fgdgik,undisturbed,sem,0.4702,62.8815620701142
fgdgik,undisturbed,sem,0.4657,66.45433580240216
fgdgik,undisturbed,sem,0.46130000000000004,70.71691747486048
fgdgik,undisturbed,sem,0.457,75.25291400121789
fgdgik,undisturbed,sem,0.4526,81.00714414658863
fgdgik,undisturbed,sem,0.44799999999999995,86.00492504178982
fgdgik,undisturbed,sem,0.4435,91.10103723410936
fgdgik,undisturbed,sem,0.4393,99.43134672962695
fgdgik,undisturbed,sem,0.4354,106.54260756656947
fgdgik,undisturbed,sem,0.4316,115.48439983140382
fgdgik,undisturbed,sem,0.4279,126.04433220657006
fgdgik,undisturbed,sem,0.4238,137.5698683509976
fgdgik,undisturbed,sem,0.4191,153.29335229045063
fgdgik,undisturbed,sem,0.41409999999999997,171.60238583760645
fgdgik,undisturbed,sem,0.40880000000000005,240.72617858852334
fgdgik,undisturbed,sem,0.4028,173.5894478153026
fgdgik,undisturbed,sem,0.3962,0.009806709750811507
fgdgik,undisturbed,sem,0.38880000000000003,0.009806709750811507
fgdgik,undisturbed,sem,0.3812,0.009806709750811507
fgdgik,undisturbed,sem,0.3741,0.009806709750811507
fgdgik,undisturbed,sem,0.36729999999999996,0.009806709750811507
fgdgik,undisturbed,sem,0.255,8213.40657762386
fgdgik,undisturbed,dewpoint,0.212,3995.0601426298913
fgdgik,undisturbed,dewpoint,0.1999,8541.287130224091
fgdgik,undisturbed,dewpoint,0.1726,11521.879308230089
fgdgik,undisturbed,dewpoint,0.06709999999999999,191215.60049014384
ibedja,undisturbed,sem,0.4928,0.009806709750811507
ibedja,undisturbed,sem,0.49229999999999996,0.009806709750811507
ibedja,undisturbed,sem,0.4916,1.0459798582246502
ibedja,undisturbed,sem,0.4904,2.368772331785449
ibedja,undisturbed,sem,0.48969999999999997,3.2249524950817694
ibedja,undisturbed,sem,0.489,4.173720108008582
ibedja,undisturbed,sem,0.4879,5.2544023056883
ibedja,undisturbed,sem,0.4869,6.273693849061481
ibedja,undisturbed,sem,0.4857,7.456299113867491
ibedja,undisturbed,sem,0.48450000000000004,8.882256728856245
ibedja,undisturbed,sem,0.4833,10.363902572433913
ibedja,undisturbed,sem,0.48200000000000004,12.064888750844672
ibedja,undisturbed,sem,0.4808,13.7886999649892
ibedja,undisturbed,sem,0.4793,15.542587524503176
ibedja,undisturbed,sem,0.478,17.600431758367836
ibedja,undisturbed,sem,0.4767,19.657275375990835
ibedja,undisturbed,sem,0.47490000000000004,21.80335478372678
ibedja,undisturbed,sem,0.47350000000000003,24.017252374152903
ibedja,undisturbed,sem,0.47200000000000003,26.273826135068123
ibedja,undisturbed,sem,0.4704,28.94165229983413
ibedja,undisturbed,sem,0.4689,31.58808672351389
ibedja,undisturbed,sem,0.4671,33.076787386499
ibedja,undisturbed,sem,0.4657,34.397218224060566
ibedja,undisturbed,sem,0.46409999999999996,35.77036087962341
ibedja,undisturbed,sem,0.462,35.27957312919775
ibedja,undisturbed,sem,0.46049999999999996,34.71549176564265
ibedja,undisturbed,sem,0.4587,35.36090094454721
ibedja,undisturbed,sem,0.4568,36.18456213728906
ibedja,undisturbed,sem,0.455,37.3700192597673
ibedja,undisturbed,sem,0.45289999999999997,39.493290673373714
ibedja,undisturbed,sem,0.4511,42.31782338388025
ibedja,undisturbed,sem,0.44909999999999994,45.44889426761412
ibedja,undisturbed,sem,0.44670000000000004,48.47561434004133
ibedja,undisturbed,sem,0.44409999999999994,51.70390222934195
ibedja,undisturbed,sem,0.4415,54.893803286729586
ibedja,undisturbed,sem,0.4389,58.0127324607461
ibedja,undisturbed,sem,0.4364,62.30506044382654
ibedja,undisturbed,sem,0.4338,64.05061759200875
ibedja,undisturbed,sem,0.4316,66.60752886773541
ibedja,undisturbed,sem,0.42950000000000005,71.7006877919622
ibedja,undisturbed,sem,0.4269,75.4263898840464
ibedja,undisturbed,sem,0.42460000000000003,77.00577954615252
ibedja,undisturbed,sem,0.4224,80.82083288513422
ibedja,undisturbed,sem,0.4201,86.60108270180373
ibedja,undisturbed,sem,0.4178,91.52154051612627
ibedja,undisturbed,sem,0.4157,95.61440387143278
ibedja,undisturbed,sem,0.41369999999999996,99.66055965624501
ibedja,undisturbed,sem,0.41119999999999995,103.16284765504138
ibedja,undisturbed,sem,0.40869999999999995,109.27563067849982
ibedja,undisturbed,sem,0.40630000000000005,116.55296382667808
ibedja,undisturbed,sem,0.4035,122.89191779441367
ibedja,undisturbed,sem,0.4007,130.17372171791396
ibedja,undisturbed,sem,0.39799999999999996,136.93779222091948
ibedja,undisturbed,sem,0.39490000000000003,143.39147154158718
ibedja,undisturbed,sem,0.39189999999999997,150.4954332897877
ibedja,undisturbed,sem,0.3885,159.41284833437777
ibedja,undisturbed,sem,0.3848,168.85865343931195
ibedja,undisturbed,sem,0.3815,177.63286548328472
ibedja,undisturbed,sem,0.3778,187.72552245452982
ibedja,undisturbed,sem,0.3739,197.48009236571062
ibedja,undisturbed,sem,0.36979999999999996,209.18152348673422
ibedja,undisturbed,sem,0.36590000000000006,222.0870941339263
ibedja,undisturbed,sem,0.3618,234.70552965111528
ibedja,undisturbed,sem,0.35719999999999996,249.76025071687462
ibedja,undisturbed,sem,0.3527,267.0074146647491
ibedja,undisturbed,sem,0.348,286.1035994548613
ibedja,undisturbed,sem,0.3435,305.15698944857036
ibedja,undisturbed,sem,0.3392,323.98381994568547
ibedja,undisturbed,sem,0.33509999999999995,343.97218224060566
ibedja,undisturbed,sem,0.33140000000000003,364.35381539572273
ibedja,undisturbed,sem,0.3276,385.9431362404778
ibedja,undisturbed,sem,0.3237,409.75411307785726
ibedja,undisturbed,sem,0.31989999999999996,434.03357068443626
ibedja,undisturbed,sem,0.3161,460.81151367076484
ibedja,undisturbed,sem,0.3124,489.2415367702702
ibedja,undisturbed,sem,0.3086,520.6229655794182
ibedja,undisturbed,sem,0.30469999999999997,554.0172939485758
ibedja,undisturbed,sem,0.3009,589.5536353309059
ibedja,undisturbed,sem,0.2973,628.815620701142
ibedja,undisturbed,sem,0.2934,672.23840744198
ibedja,undisturbed,sem,0.289,725.309426266525
ibedja,undisturbed,sem,0.2844,780.7703664937271
ibedja,undisturbed,sem,0.28,842.4096277425897
ibedja,undisturbed,sem,0.2757,913.1104681407754
ibedja,undisturbed,sem,0.2711,980.6709750811506
ibedja,undisturbed,sem,0.2664,947.3780574769427
ibedja,undisturbed,sem,0.1891,6847.362525396154
ibedja,undisturbed,dewpoint,0.0764,38152.52816921287
ibedja,undisturbed,dewpoint,0.1075,14175.00829398484
ibedja,undisturbed,dewpoint,0.124,9152.15405161263
ibedja,undisturbed,dewpoint,0.1346,7789.746444815501
iafbff,undisturbed,sem,0.6302,0.009806709750811507
iafbff,undisturbed,sem,0.6291,0.009806709750811507
iafbff,undisturbed,sem,0.628,0.009806709750811507
iafbff,undisturbed,sem,0.627,0.009806709750811507
iafbff,undisturbed,sem,0.6259,0.009806709750811507
iafbff,undisturbed,sem,0.6251,0.009806709750811507
iafbff,undisturbed,sem,0.6243,0.009806709750811507
iafbff,undisturbed,sem,0.6236999999999999,0.6102718274501178
iafbff,undisturbed,sem,0.6229,0.9806709750811506
iafbff,undisturbed,sem,0.622,1.295756277948216
iafbff,undisturbed,sem,0.621,1.5868041282747702
iafbff,undisturbed,sem,0.6202000000000001,1.826094807997242
iafbff,undisturbed,sem,0.6194,2.1803354783726774
iafbff,undisturbed,sem,0.6184000000000001,2.6334393559526803
iafbff,undisturbed,sem,0.6175,2.9615789983446437
iafbff,undisturbed,sem,0.6164000000000001,3.1298485403700678
iafbff,undisturbed,sem,0.6154,3.2175353101677837
iafbff,undisturbed,sem,0.6143,3.3769398237080988
iafbff,undisturbed,sem,0.6133,3.5606011000196274
iafbff,undisturbed,sem,0.6122,3.7027408863835407
iafbff,undisturbed,sem,0.611,3.8328632237832525
iafbff,undisturbed,sem,0.6098,3.9402458625387604
iafbff,undisturbed,sem,0.6086,4.192985124707871
iafbff,undisturbed,sem,0.6074,4.6722204038934185
iafbff,undisturbed,sem,0.6062,5.170390222934195
iafbff,undisturbed,sem,0.6049,5.591435528539953
iafbff,undisturbed,sem,0.6037,6.130887142184404
iafbff,undisturbed,sem,0.6023,6.784585528424125
iafbff,undisturbed,sem,0.601,7.120710372901656
iafbff,undisturbed,sem,0.5997,7.490715826830087
iafbff,undisturbed,sem,0.5982,8.156865884444315
iafbff,undisturbed,sem,0.5968,8.385391070840567
iafbff,undisturbed,sem,0.5952000000000001,8.58071192032476
iafbff,undisturbed,sem,0.5937,9.322305299117215
iafbff,undisturbed,sem,0.5921,10.104697614435633
iafbff,undisturbed,sem,0.5904,10.532302442275203
iafbff,undisturbed,sem,0.5888,8.213406577623863
iafbff,undisturbed,sem,0.5871999999999999,5.936402259013971
iafbff,undisturbed,sem,0.5855,6.187615542460047
iafbff,undisturbed,sem,0.5838,6.614900586420864
iafbff,undisturbed,sem,0.5821000000000001,7.337081135922512
iafbff,undisturbed,sem,0.5803,8.175669402277457
iafbff,undisturbed,sem,0.5785,9.131104681407756
iafbff,undisturbed,sem,0.5766,10.15133877945047
iafbff,undisturbed,sem,0.5747,10.15133877945047
iafbff,undisturbed,sem,0.573,9.966055965624497
iafbff,undisturbed,sem,0.5710999999999999,10.508078818856406
iafbff,undisturbed,sem,0.5692,11.207876109774073
iafbff,undisturbed,sem,0.5672,11.98183464087703
iafbff,undisturbed,sem,0.5653,12.57544382869661
iafbff,undisturbed,sem,0.5633,13.259383189282024
iafbff,undisturbed,sem,0.5611999999999999,13.916285234910827
iafbff,undisturbed,sem,0.5590999999999999,14.045051036800103
iafbff,undisturbed,sem,0.5569,14.538624561355228
iafbff,undisturbed,sem,0.5548,15.65032359432322
iafbff,undisturbed,sem,0.5529,16.463543734224054
iafbff,undisturbed,sem,0.551,17.23944664619052
iafbff,undisturbed,sem,0.5488000000000001,18.093530701664925
iafbff,undisturbed,sem,0.5467,18.946252532748765
iafbff,undisturbed,sem,0.5446,19.432260405459377
iafbff,undisturbed,sem,0.5424,20.20799946327878
iafbff,undisturbed,sem,0.5401,21.35616765897323
iafbff,undisturbed,sem,0.5378000000000001,22.36265283267222
iafbff,undisturbed,sem,0.5355,23.57888811531645
iafbff,undisturbed,sem,0.5331,24.804091324456415
iafbff,undisturbed,sem,0.5306000000000001,25.734949577668573
iafbff,undisturbed,sem,0.5279,27.1345936139835
iafbff,undisturbed,sem,0.5252,29.209446111435504
iafbff,undisturbed,sem,0.5224,31.01153916474664
iafbff,undisturbed,sem,0.5196999999999999,33.00071288655507
iafbff,undisturbed,sem,0.517,34.95612805858963
iafbff,undisturbed,sem,0.5141,36.94224818663237
iafbff,undisturbed,sem,0.5112,39.22142077268023
iafbff,undisturbed,sem,0.5082,41.73720108008582
iafbff,undisturbed,sem,0.5052,44.414351129597705
iafbff,undisturbed,sem,0.5022,47.37217464178763
iafbff,undisturbed,sem,0.4991,50.52697772717307
iafbff,undisturbed,sem,0.496,54.016112071608944
iafbff,undisturbed,sem,0.4928,57.74618816679145
iafbff,undisturbed,sem,0.48950000000000005,61.733844216218095
iafbff,undisturbed,sem,0.48619999999999997,63.46339800027294
iafbff,undisturbed,sem,0.48310000000000003,63.90330525942109
iafbff,undisturbed,sem,0.4799,65.69363931083608
iafbff,undisturbed,sem,0.4768,69.42618826765828
iafbff,undisturbed,sem,0.4738,74.73487658504986
iafbff,undisturbed,sem,0.4708,78.07703664937274
iafbff,undisturbed,sem,0.4679,82.51317939857363
iafbff,undisturbed,sem,0.46490000000000004,85.4128713022409
iafbff,undisturbed,sem,0.4617,86.20318686988304
iafbff,undisturbed,sem,0.4586,111.05121683964624
iafbff,undisturbed,sem,0.45549999999999996,140.4505103680011
iafbff,undisturbed,sem,0.4524,153.29335229045063
iafbff,undisturbed,sem,0.4493,151.53861779706133
iafbff,undisturbed,sem,0.4462,147.74858206615036
iafbff,undisturbed,sem,0.44310000000000005,152.94078736375576
iafbff,undisturbed,sem,0.43979999999999997,154.35593104571103
iafbff,undisturbed,sem,0.4363,167.3105479992473
iafbff,undisturbed,sem,0.29059999999999997,8560.976830550955
iafbff,undisturbed,dewpoint,0.1822,20489.120738779075
iafbff,undisturbed,dewpoint,0.17920000000000003,26395.1006063186
iafbff,undisturbed,dewpoint,0.16449999999999998,46937.86393412226
iafbff,undisturbed,dewpoint,0.0679,854128.7130224098
lldllj,undisturbed,sem,0.4693,4.4108604887005916
lldllj,undisturbed,sem,0.4685,3.5606011000196274
lldllj,undisturbed,sem,0.4675,2.4861270660265253
lldllj,undisturbed,sem,0.46659999999999996,1.881582744770856
lldllj,undisturbed,sem,0.46619999999999995,1.7681671660173668
lldllj,undisturbed,sem,0.4657,1.920982115999637
lldllj,undisturbed,sem,0.4653,2.195448841894597
lldllj,undisturbed,sem,0.465,2.64559475973063
lldllj,undisturbed,sem,0.4643,3.300071288655508
lldllj,undisturbed,sem,0.4637,3.806477978941545
lldllj,undisturbed,sem,0.4635,4.192985124707871
lldllj,undisturbed,sem,0.4632,4.6614745951575
lldllj,undisturbed,sem,0.4625,5.218231254639008
lldllj,undisturbed,sem,0.4618,6.005142557440582
lldllj,undisturbed,sem,0.461,6.990742761437267
lldllj,undisturbed,sem,0.4604,8.404721393635148
lldllj,undisturbed,sem,0.4596,10.15133877945047
lldllj,undisturbed,sem,0.4586,12.064888750844672
lldllj,undisturbed,sem,0.45840000000000003,14.505186652756247
lldllj,undisturbed,sem,0.45770000000000005,16.92479128370031
lldllj,undisturbed,sem,0.45659999999999995,19.342977278979845
lldllj,undisturbed,sem,0.4558,22.005098741630135
lldllj,undisturbed,sem,0.4549,24.690126876845923
lldllj,undisturbed,sem,0.45399999999999996,27.83064820823133
lldllj,undisturbed,sem,0.45299999999999996,30.027786661802644
lldllj,undisturbed,sem,0.4517,29.344270788833974
lldllj,undisturbed,sem,0.4506,25.853736707744165
lldllj,undisturbed,sem,0.44939999999999997,22.830915237322454
lldllj,undisturbed,sem,0.4481,20.3012753507472
lldllj,undisturbed,sem,0.4468,20.06888857346377
lldllj,undisturbed,sem,0.446,24.017252374152903
lldllj,undisturbed,sem,0.4451,28.67631363665489
lldllj,undisturbed,sem,0.4437,32.24952495081768
lldllj,undisturbed,sem,0.4422,34.71549176564265
lldllj,undisturbed,sem,0.4411,38.152528169212886
lldllj,undisturbed,sem,0.44,41.92985124707871
lldllj,undisturbed,sem,0.4385,45.24007556661986
lldllj,undisturbed,sem,0.43670000000000003,48.92415367702702
lldllj,undisturbed,sem,0.43520000000000003,53.03020691623903
lldllj,undisturbed,sem,0.4336,57.216767931445695
lldllj,undisturbed,sem,0.4318,61.591860314532376
lldllj,undisturbed,sem,0.4299,65.54254813315693
lldllj,undisturbed,sem,0.428,69.26651246559923
lldllj,undisturbed,sem,0.4261,73.87939352695545
lldllj,undisturbed,sem,0.42450000000000004,78.79947457469451
lldllj,undisturbed,sem,0.4226,83.85391070840566
lldllj,undisturbed,sem,0.4203,88.82256728856247
lldllj,undisturbed,sem,0.4183,93.86924432386117
lldllj,undisturbed,sem,0.4163,98.74686615329894
lldllj,undisturbed,sem,0.4143,104.11740173173983
lldllj,undisturbed,sem,0.4122,109.27563067849982
lldllj,undisturbed,sem,0.41009999999999996,114.68941081482689
lldllj,undisturbed,sem,0.408,119.54277185914292
lldllj,undisturbed,sem,0.40590000000000004,124.60151466677213
lldllj,undisturbed,sem,0.40380000000000005,129.87433046598196
lldllj,undisturbed,sem,0.40159999999999996,135.37027827547885
lldllj,undisturbed,sem,0.3993,141.0988004683533
lldllj,undisturbed,sem,0.3971,146.73148798133127
lldllj,undisturbed,sem,0.395,152.58903331389075
lldllj,undisturbed,sem,0.39299999999999996,158.68041282747706
lldllj,undisturbed,sem,0.3909,164.63543734224052
lldllj,undisturbed,sem,0.3885,170.8139444932005
lldllj,undisturbed,sem,0.3862,177.63286548328472
lldllj,undisturbed,sem,0.3837,184.72399893006838
lldllj,undisturbed,sem,0.38130000000000003,191.21560049014383
lldllj,undisturbed,sem,0.3791,198.39161905622893
lldllj,undisturbed,sem,0.3766,206.3114453880491
lldllj,undisturbed,sem,0.3741,214.05398709858702
lldllj,undisturbed,sem,0.37170000000000003,222.0870941339263
lldllj,undisturbed,sem,0.3691,231.48524905910293
lldllj,undisturbed,sem,0.3667,241.28110974175283
lldllj,undisturbed,sem,0.3642,251.4915060671874
lldllj,undisturbed,sem,0.3617,262.7382613506813
lldllj,undisturbed,sem,0.3591,274.48797399597566
lldllj,undisturbed,sem,0.3564,286.763136366549
lldllj,undisturbed,sem,0.35369999999999996,299.58724668930506
lldllj,undisturbed,sem,0.35109999999999997,313.7063586403387
lldllj,undisturbed,sem,0.34850000000000003,326.981605322332
lldllj,undisturbed,sem,0.34590000000000004,342.3917736205257
lldllj,undisturbed,sem,0.3433,358.5282007758334
lldllj,undisturbed,sem,0.3407,375.42511431369985
lldllj,undisturbed,sem,0.3379,392.2142077268021
lldllj,undisturbed,sem,0.33520000000000005,410.69869386190027
lldllj,undisturbed,sem,0.3333,430.0543269900125
lldllj,undisturbed,sem,0.33149999999999996,449.2864507698596
lldllj,undisturbed,sem,0.32880000000000004,470.46066885358505
lldllj,undisturbed,sem,0.3258,491.49977309948173
lldllj,undisturbed,sem,0.32289999999999996,514.6634437730069
lldllj,undisturbed,sem,0.3201,538.9187846129045
lldllj,undisturbed,sem,0.31739999999999996,564.3172444490656
lldllj,undisturbed,sem,0.3145,592.2748912694591
lldllj,undisturbed,sem,0.3116,620.1879469419931
lldllj,undisturbed,sem,0.3085,652.4140747876762
lldllj,undisturbed,sem,0.3054,687.8968514773529
lldllj,undisturbed,sem,0.3025,725.309426266525
lldllj,undisturbed,sem,0.2994,766.5197012761759
lldllj,undisturbed,sem,0.297,810.0714414658858
lldllj,undisturbed,sem,0.29460000000000003,858.0711920324763
lldllj,undisturbed,sem,0.2961,908.9151066277173
lldllj,undisturbed,sem,0.2026,6554.254813315697
lldllj,undisturbed,dewpoint,0.114,18686.300202638482
lldllj,undisturbed,dewpoint,0.0867,35606.01100019624
lldllj,undisturbed,dewpoint,0.0091,1075284.3417669584
lldllj,undisturbed,dewpoint,0.13140000000000002,17042.108332264823
mmalem,undisturbed,sem,0.7301000000000001,1.9165639797348215
mmalem,undisturbed,sem,0.7304,2.5381852832208094
mmalem,undisturbed,sem,0.7303000000000001,3.108302814568349
mmalem,undisturbed,sem,0.7299,3.4003476522985134
mmalem,undisturbed,sem,0.7293999999999999,3.585282007758332
mmalem,undisturbed,sem,0.7288,3.9131214008114275
mmalem,undisturbed,sem,0.7278,4.3804963386743605
mmalem,undisturbed,sem,0.7265999999999999,5.04107689031613
mmalem,undisturbed,sem,0.7253000000000001,6.390330525942108
mmalem,undisturbed,sem,0.7240000000000001,8.327666444737366
mmalem,undisturbed,sem,0.7225,10.38779383527953
mmalem,undisturbed,sem,0.7209,12.72106060530892
mmalem,undisturbed,sem,0.7191,15.36467299632395
mmalem,undisturbed,sem,0.7172,17.80423515286832
mmalem,undisturbed,sem,0.7153,19.657275375990835
mmalem,undisturbed,sem,0.7131000000000001,21.653261545134406
mmalem,undisturbed,sem,0.7108,23.57888811531645
mmalem,undisturbed,sem,0.7084,24.072617858852322
mmalem,undisturbed,sem,0.7056999999999999,25.207125386324186
mmalem,undisturbed,sem,0.703,26.516934855094522
mmalem,undisturbed,sem,0.7003,26.032946249183976
mmalem,undisturbed,sem,0.6970999999999999,24.97602507168745
mmalem,undisturbed,sem,0.6938,20.918152348673413
mmalem,undisturbed,sem,0.6907,19.432260405459377
mmalem,undisturbed,sem,0.6870999999999999,23.47055296511153
mmalem,undisturbed,sem,0.6831999999999999,26.762293032411574
mmalem,undisturbed,sem,0.6792,29.411916319224602
mmalem,undisturbed,sem,0.6751,31.733890707125386
mmalem,undisturbed,sem,0.6709,33.92527069717095
mmalem,undisturbed,sem,0.6665000000000001,36.10133995376445
mmalem,undisturbed,sem,0.662,37.97723322529124
mmalem,undisturbed,sem,0.6574,39.85871759276783
mmalem,undisturbed,sem,0.6525,41.641208181376356
mmalem,undisturbed,sem,0.6476999999999999,43.30353211729929
mmalem,undisturbed,sem,0.643,45.03221630040586
mmalem,undisturbed,sem,0.6381,46.82990984276813
mmalem,undisturbed,sem,0.6331,48.47561434004133
mmalem,undisturbed,sem,0.6278,50.179152459062664
mmalem,undisturbed,sem,0.6224000000000001,52.06229655794182
mmalem,undisturbed,sem,0.6167,53.891878461290425
mmalem,undisturbed,sem,0.6108,56.301935080300034
mmalem,undisturbed,sem,0.6048,58.95536353309058
mmalem,undisturbed,sem,0.5985,61.733844216218095
mmalem,undisturbed,sem,0.5921,64.64327065972887
mmalem,undisturbed,sem,0.5853,67.68981414718321
mmalem,undisturbed,sem,0.5779,71.04333193505902
mmalem,undisturbed,sem,0.5706,74.90715826830086
mmalem,undisturbed,sem,0.5631,78.79947457469451
mmalem,undisturbed,sem,0.5554,83.08513343407404
mmalem,undisturbed,sem,0.5478000000000001,87.40239265416105
mmalem,undisturbed,sem,0.5403,91.94398475310435
mmalem,undisturbed,sem,0.5328,97.16801295395432
mmalem,undisturbed,sem,0.525,102.68885742523852
mmalem,undisturbed,sem,0.5169,109.02430370218896
mmalem,undisturbed,sem,0.5089,115.48439983140382
mmalem,undisturbed,sem,0.5012,122.32728072127794
mmalem,undisturbed,sem,0.4938,129.5756277948216
mmalem,undisturbed,sem,0.4867,137.2534664338506
mmalem,undisturbed,sem,0.47950000000000004,145.72139552294357
mmalem,undisturbed,sem,0.4722,155.06840565164438
mmalem,undisturbed,sem,0.46520000000000006,165.01496122137348
mmalem,undisturbed,sem,0.4583,175.5995188862809
mmalem,undisturbed,sem,0.45159999999999995,186.0044445196327
mmalem,undisturbed,sem,0.4451,196.57275375990838
mmalem,undisturbed,sem,0.43829999999999997,206.7870423878641
mmalem,undisturbed,sem,0.43119999999999997,218.03354783726778
mmalem,undisturbed,sem,0.42460000000000003,229.89171581331192
mmalem,undisturbed,sem,0.4179,242.39481274245907
mmalem,undisturbed,sem,0.4118,254.40364045844558
mmalem,undisturbed,sem,0.406,266.3933146521152
mmalem,undisturbed,sem,0.40049999999999997,278.9480447821358
mmalem,undisturbed,sem,0.3953,291.42266249600624
mmalem,undisturbed,sem,0.39039999999999997,303.7549204397899
mmalem,undisturbed,sem,0.3856,316.60904783836924
mmalem,undisturbed,sem,0.38130000000000003,329.2481335310574
mmalem,undisturbed,sem,0.37689999999999996,341.6042943935155
mmalem,undisturbed,sem,0.3716,355.2411944736237
mmalem,undisturbed,sem,0.3666,370.2740886383541
mmalem,undisturbed,sem,0.36210000000000003,387.72456881674975
mmalem,undisturbed,sem,0.3577,405.0636965315251
mmalem,undisturbed,sem,0.35350000000000004,424.1537604171861
mmalem,undisturbed,sem,0.3492,443.12200956636906
mmalem,undisturbed,sem,0.34509999999999996,462.9385229757387
mmalem,undisturbed,sem,0.34130000000000005,482.52889123520526
mmalem,undisturbed,sem,0.3375,502.94827352028017
mmalem,undisturbed,sem,0.33340000000000003,526.6514953959976
mmalem,undisturbed,sem,0.32939999999999997,551.471815702846
mmalem,undisturbed,sem,0.3256,580.1273246074608
mmalem,undisturbed,sem,0.32189999999999996,610.2718274501178
mmalem,undisturbed,sem,0.31829999999999997,640.5061759200875
mmalem,undisturbed,sem,0.3148,673.7880770162424
mmalem,undisturbed,sem,0.3115,707.1691747486049
mmalem,undisturbed,sem,0.30820000000000003,740.4970311808595
mmalem,undisturbed,sem,0.3046,777.1830525153935
mmalem,undisturbed,sem,0.3009,821.3406577623862
mmalem,undisturbed,sem,0.29760000000000003,870.0081513743721
mmalem,undisturbed,sem,0.2945,919.4398475310434
mmalem,undisturbed,sem,0.2914,964.991130577452
mmalem,undisturbed,sem,0.2883,1015.1338779450474
mmalem,undisturbed,sem,0.2412,3239.8381994568545
mmalem,undisturbed,dewpoint,0.0235,834686.3698525815
mmalem,undisturbed,dewpoint,0.0218,1417500.829398484
mmalem,undisturbed,dewpoint,0.187,29615.789983446462
mmalem,undisturbed,dewpoint,0.14429999999999998,49149.977309948175
hjjcai,undisturbed,sem,0.4351,1.4175008293984834
hjjcai,undisturbed,sem,0.4334,3.3769398237080988
hjjcai,undisturbed,sem,0.43189999999999995,5.464158917063968
hjjcai,undisturbed,sem,0.4304,7.665197012761763
hjjcai,undisturbed,sem,0.429,10.221704498272098
hjjcai,undisturbed,sem,0.4274,12.868363544725497
hjjcai,undisturbed,sem,0.4255,15.014930339822405
hjjcai,undisturbed,sem,0.4233,16.654182585850336
hjjcai,undisturbed,sem,0.4213,17.47927123837257
hjjcai,undisturbed,sem,0.4189,18.34523678659424
hjjcai,undisturbed,sem,0.4163,19.884895897081346
hjjcai,undisturbed,sem,0.4138,21.454743250037296
hjjcai,undisturbed,sem,0.4113,22.98917158133119
hjjcai,undisturbed,sem,0.4089,24.690126876845923
hjjcai,undisturbed,sem,0.4064,26.455947597306302
hjjcai,undisturbed,sem,0.4033,27.57549529178827
hjjcai,undisturbed,sem,0.4003,28.67631363665489
hjjcai,undisturbed,sem,0.39740000000000003,30.09700785901049
hjjcai,undisturbed,sem,0.3942,31.37063586403387
hjjcai,undisturbed,sem,0.3906,33.076787386499
hjjcai,undisturbed,sem,0.3874,34.71549176564265
hjjcai,undisturbed,sem,0.3845,36.18456213728906
hjjcai,undisturbed,sem,0.38079999999999997,37.54251143136997
hjjcai,undisturbed,sem,0.37689999999999996,38.594313624047764
hjjcai,undisturbed,sem,0.37329999999999997,39.67558342052571
hjjcai,undisturbed,sem,0.36950000000000005,41.16454521295344
hjjcai,undisturbed,sem,0.36590000000000006,42.70938538266455
hjjcai,undisturbed,sem,0.36219999999999997,44.10860488700591
hjjcai,undisturbed,sem,0.35810000000000003,45.44889426761412
hjjcai,undisturbed,sem,0.35359999999999997,46.72220403893417
hjjcai,undisturbed,sem,0.34909999999999997,47.920718571244144
hjjcai,undisturbed,sem,0.3448,49.26327970917096
hjjcai,undisturbed,sem,0.34020000000000006,50.52697772717307
hjjcai,undisturbed,sem,0.3353,51.70390222934195
hjjcai,undisturbed,sem,0.3307,52.78655524769675
hjjcai,undisturbed,sem,0.3262,53.891878461290425
hjjcai,undisturbed,sem,0.32159999999999994,54.893803286729586
hjjcai,undisturbed,sem,0.3169,56.04325118630463
hjjcai,undisturbed,sem,0.3119,57.216767931445695
hjjcai,undisturbed,sem,0.3068,58.41485751135229
hjjcai,undisturbed,sem,0.30219999999999997,59.50087079547178
hjjcai,undisturbed,sem,0.2979,60.46768217056636
hjjcai,undisturbed,sem,0.2937,61.591860314532376
hjjcai,undisturbed,sem,0.2894,62.73693849061481
hjjcai,undisturbed,sem,0.2852,63.90330525942109
hjjcai,undisturbed,sem,0.2808,65.09135640543968
hjjcai,undisturbed,sem,0.2757,66.45433580240216
hjjcai,undisturbed,sem,0.2707,67.84585528424127
hjjcai,undisturbed,sem,0.2656,69.42618826765828
hjjcai,undisturbed,sem,0.2605,71.04333193505902
hjjcai,undisturbed,sem,0.2556,72.36412608772113
hjjcai,undisturbed,sem,0.2507,73.70947563701498
hjjcai,undisturbed,sem,0.24600000000000002,75.25291400121789
hjjcai,undisturbed,sem,0.2412,76.82867116790182
hjjcai,undisturbed,sem,0.2366,78.43742387610483
hjjcai,undisturbed,sem,0.2325,80.26446618497319
hjjcai,undisturbed,sem,0.2285,81.94516266695904
hjjcai,undisturbed,sem,0.22510000000000002,84.0472139363515
hjjcai,undisturbed,sem,0.22190000000000001,86.00492504178982
hjjcai,undisturbed,sem,0.2192,87.8058237684826
hjjcai,undisturbed,sem,0.21600000000000003,89.64443238472218
hjjcai,undisturbed,sem,0.2126,91.73251945627209
hjjcai,undisturbed,sem,0.20989999999999998,93.86924432386117
hjjcai,undisturbed,sem,0.2071,96.2771712565322
hjjcai,undisturbed,sem,0.2045,98.74686615329894
hjjcai,undisturbed,sem,0.2016,101.04697614435634
hjjcai,undisturbed,sem,0.19879999999999998,103.63902572433913
hjjcai,undisturbed,sem,0.19699999999999998,106.54260756656947
hjjcai,undisturbed,sem,0.195,109.52753702332636
hjjcai,undisturbed,sem,0.19219999999999998,112.8556539549907
hjjcai,undisturbed,sem,0.18960000000000002,116.55296382667808
hjjcai,undisturbed,sem,0.18710000000000002,121.20577747050739
hjjcai,undisturbed,sem,0.18469999999999998,126.33489440067606
hjjcai,undisturbed,sem,0.1822,132.2888745419436
hjjcai,undisturbed,sem,0.1795,138.52345712239304
hjjcai,undisturbed,sem,0.1766,145.3862456135522
hjjcai,undisturbed,sem,0.174,152.94078736375576
hjjcai,undisturbed,sem,0.1721,161.63050195894016
hjjcai,undisturbed,sem,0.1703,171.99797019169785
hjjcai,undisturbed,sem,0.1684,184.29914552208655
hjjcai,undisturbed,sem,0.1664,199.76680406250006
hjjcai,undisturbed,sem,0.1636,218.03354783726778
hjjcai,undisturbed,sem,0.1612,240.72617858852334
hjjcai,undisturbed,sem,0.15960000000000002,267.62293032411577
hjjcai,undisturbed,sem,0.15710000000000002,301.66388627557916
hjjcai,undisturbed,sem,0.1564,347.95519239153816
hjjcai,undisturbed,sem,0.156,412.5943929003778
hjjcai,undisturbed,sem,0.1539,509.94498095881795
hjjcai,undisturbed,sem,0.1518,655.4254813315697
hjjcai,undisturbed,sem,0.1497,874.0239265416108
hjjcai,undisturbed,sem,0.1425,3239.8381994568545
hjjcai,undisturbed,dewpoint,0.0058,1100330.9316393514
hjjcai,undisturbed,dewpoint,0.0187,71043.33193505905
hjjcai,undisturbed,dewpoint,0.0175,52665.14953959982
faeefm,undisturbed,sem,0.8786,3.195385952888653
faeefm,undisturbed,sem,0.8801000000000001,3.4476512001284503
faeefm,undisturbed,sem,0.8809999999999999,3.5117478214652804
faeefm,undisturbed,sem,0.8811,3.728407060051987
faeefm,undisturbed,sem,0.8809999999999999,4.270938538266455
faeefm,undisturbed,sem,0.8806999999999999,5.1942556598607235
faeefm,undisturbed,sem,0.8803,5.881976995964632
faeefm,undisturbed,sem,0.8798999999999999,5.828050706726155
faeefm,undisturbed,sem,0.8793000000000001,6.360969624189608
faeefm,undisturbed,sem,0.8786,7.5600265670085625
faeefm,undisturbed,sem,0.8778,8.100714414658864
faeefm,undisturbed,sem,0.877,8.620318686988304
faeefm,undisturbed,sem,0.8759999999999999,9.784154944273896
faeefm,undisturbed,sem,0.875,11.10512168396463
faeefm,undisturbed,sem,0.8737999999999999,12.604433220657006
faeefm,undisturbed,sem,0.8726,12.750385678607552
faeefm,undisturbed,sem,0.8714,10.927563067849977
faeefm,undisturbed,sem,0.8702,9.672156648764949
faeefm,undisturbed,sem,0.8687,9.829316551547985
faeefm,undisturbed,sem,0.8671,10.363902572433913
faeefm,undisturbed,sem,0.8654000000000001,9.152154051612627
faeefm,undisturbed,sem,0.8636,8.251317939857364
faeefm,undisturbed,sem,0.8615,9.258131000832819
faeefm,undisturbed,sem,0.8592,10.221704498272098
faeefm,undisturbed,sem,0.857,11.416246083793348
faeefm,undisturbed,sem,0.8547,11.054098284566304
faeefm,undisturbed,sem,0.8523000000000001,11.18209871003686
faeefm,undisturbed,sem,0.8495,12.517664912684431
faeefm,undisturbed,sem,0.8466,12.9874330465982
faeefm,undisturbed,sem,0.8434,13.412919610436779
faeefm,undisturbed,sem,0.8401000000000001,13.94836558553726
faeefm,undisturbed,sem,0.8370000000000001,14.339147154158717
faeefm,undisturbed,sem,0.8339,14.706973899465273
faeefm,undisturbed,sem,0.8308,15.188795038907937
faeefm,undisturbed,sem,0.8277,15.686401316204302
faeefm,undisturbed,sem,0.8245,16.05178454097546
faeefm,undisturbed,sem,0.8212999999999999,16.501496122137347
faeefm,undisturbed,sem,0.8179000000000001,17.160238583760655
faeefm,undisturbed,sem,0.8145,17.6410049438447
faeefm,undisturbed,sem,0.8111,18.177046644779512
faeefm,undisturbed,sem,0.8077,18.68630020263847
faeefm,undisturbed,sem,0.8043,19.209821159996373
faeefm,undisturbed,sem,0.8009000000000001,19.657275375990835
faeefm,undisturbed,sem,0.7975,20.20799946327878
faeefm,undisturbed,sem,0.7939,20.72637357519929
faeefm,undisturbed,sem,0.7904000000000001,21.209152834894432
faeefm,undisturbed,sem,0.7868999999999999,21.653261545134406
faeefm,undisturbed,sem,0.7831999999999999,22.106669662476875
faeefm,undisturbed,sem,0.7795000000000001,22.56957191170538
faeefm,undisturbed,sem,0.7757999999999999,23.042167095039837
faeefm,undisturbed,sem,0.7720999999999999,23.57888811531645
faeefm,undisturbed,sem,0.7679,24.183732014340734
faeefm,undisturbed,sem,0.7633,24.804091324456415
faeefm,undisturbed,sem,0.7585999999999999,25.3818528322081
faeefm,undisturbed,sem,0.7535,26.092958388157516
faeefm,undisturbed,sem,0.748,26.947800385427207
faeefm,undisturbed,sem,0.742,27.83064820823133
faeefm,undisturbed,sem,0.7358,28.80867748635917
faeefm,undisturbed,sem,0.7290000000000001,29.958724668930522
faeefm,undisturbed,sem,0.7221,31.226500884821412
faeefm,undisturbed,sem,0.7156,32.547926131214794
faeefm,undisturbed,sem,0.7093,33.92527069717095
faeefm,undisturbed,sem,0.7031000000000001,35.19843236263302
faeefm,undisturbed,sem,0.6970000000000001,36.60355961947227
faeefm,undisturbed,sem,0.691,38.064779789415454
faeefm,undisturbed,sem,0.6851,39.58433211085555
faeefm,undisturbed,sem,0.6795,41.16454521295344
faeefm,undisturbed,sem,0.6739,42.90652294851007
faeefm,undisturbed,sem,0.6681999999999999,44.72221670389584
faeefm,undisturbed,sem,0.6624,46.614745951574996
faeefm,undisturbed,sem,0.6567000000000001,48.69936760945132
faeefm,undisturbed,sem,0.6509,50.994498095881774
faeefm,undisturbed,sem,0.6446999999999999,53.644267771618566
faeefm,undisturbed,sem,0.6379,56.95388076230616
faeefm,undisturbed,sem,0.6307,60.74678831008635
faeefm,undisturbed,sem,0.6236,65.39180445554346
faeefm,undisturbed,sem,0.6162,70.8799368057752
faeefm,undisturbed,sem,0.6087,77.71830525153935
faeefm,undisturbed,sem,0.6014,85.2164271495133
faeefm,undisturbed,sem,0.5943999999999999,93.86924432386117
faeefm,undisturbed,sem,0.5877,103.40066257968043
faeefm,undisturbed,sem,0.5811999999999999,114.42563248972385
faeefm,undisturbed,sem,0.5749,126.62612640981601
faeefm,undisturbed,sem,0.5687,140.77428223256183
faeefm,undisturbed,sem,0.5626,156.14328848899885
faeefm,undisturbed,sem,0.5565,173.5894478153026
faeefm,undisturbed,sem,0.5506,192.98489665756392
faeefm,undisturbed,sem,0.5447,214.54743250037285
faeefm,undisturbed,sem,0.5388000000000001,238.5191877174703
faeefm,undisturbed,sem,0.5326,263.9510060631863
faeefm,undisturbed,sem,0.5259,293.4427078883398
faeefm,undisturbed,sem,0.5192,330.76787386498995
faeefm,undisturbed,sem,0.5127,379.7723322529124
faeefm,undisturbed,sem,0.5065,443.12200956636906
faeefm,undisturbed,sem,0.5008,527.8655524769672
faeefm,undisturbed,sem,0.4954,637.5633173579655
faeefm,undisturbed,sem,0.4903,773.6122207476185
faeefm,undisturbed,sem,0.4854,940.8563528022023
faeefm,undisturbed,sem,0.4806,1146.894108148269
faeefm,undisturbed,sem,0.43979999999999997,4503.221630040586
faeefm,undisturbed,dewpoint,0.2933,27639.063373551846
faeefm,undisturbed,dewpoint,0.3243,32473.06797840472
faeefm,undisturbed,dewpoint,0.395,18686.300202638482
faeefm,undisturbed,dewpoint,0.38770000000000004,19121.560049014384
bbadkc,undisturbed,sem,0.7864,0.009806709750811507
bbadkc,undisturbed,sem,0.7863,0.8502043480579936
bbadkc,undisturbed,sem,0.7857999999999999,2.053635304008878
bbadkc,undisturbed,sem,0.7852,2.725984120739513
bbadkc,undisturbed,sem,0.7847,3.072722366472415
bbadkc,undisturbed,sem,0.784,3.4956128058589626
bbadkc,undisturbed,sem,0.7831999999999999,3.9675583420525706
bbadkc,undisturbed,sem,0.7824,4.555366478927828
bbadkc,undisturbed,sem,0.7815000000000001,5.643172444490659
bbadkc,undisturbed,sem,0.7806000000000001,7.387939352695546
bbadkc,undisturbed,sem,0.7796,9.806709750811507
bbadkc,undisturbed,sem,0.7786,12.72106060530892
bbadkc,undisturbed,sem,0.7775,15.471175821550721
bbadkc,undisturbed,sem,0.7764,14.605731803266767
bbadkc,undisturbed,sem,0.7752,12.03714027672973
bbadkc,undisturbed,sem,0.774,13.047380313795996
bbadkc,undisturbed,sem,0.7729,15.978033290246465
bbadkc,undisturbed,sem,0.7716,16.12587621201059
bbadkc,undisturbed,sem,0.7703,13.228887454194364
bbadkc,undisturbed,sem,0.769,12.750385678607552
bbadkc,undisturbed,sem,0.7676000000000001,16.014866460997098
bbadkc,undisturbed,sem,0.7661,19.477056392085707
bbadkc,undisturbed,sem,0.7645000000000001,22.05582573315729
bbadkc,undisturbed,sem,0.7628,22.005098741630135
bbadkc,undisturbed,sem,0.7609999999999999,23.2018877669706
bbadkc,undisturbed,sem,0.7593000000000001,26.395100606318618
bbadkc,undisturbed,sem,0.7576,28.152911926181865
bbadkc,undisturbed,sem,0.7559,29.821076832396272
bbadkc,undisturbed,sem,0.754,31.154681925741347
bbadkc,undisturbed,sem,0.7519,32.547926131214794
bbadkc,undisturbed,sem,0.7498,33.76939823708098
bbadkc,undisturbed,sem,0.7479,34.71549176564265
bbadkc,undisturbed,sem,0.7458,33.69173077638492
bbadkc,undisturbed,sem,0.7437,34.00347652298513
bbadkc,undisturbed,sem,0.7415,36.267976167760075
bbadkc,undisturbed,sem,0.7394,37.28407060051988
bbadkc,undisturbed,sem,0.7372,37.889888012677055
bbadkc,undisturbed,sem,0.7349,38.594313624047764
bbadkc,undisturbed,sem,0.7326,39.31183548531473
bbadkc,undisturbed,sem,0.7302,40.042697073941824
bbadkc,undisturbed,sem,0.7278,40.787146393976926
bbadkc,undisturbed,sem,0.7252,41.54543606020743
bbadkc,undisturbed,sem,0.7223999999999999,42.415376041718595
bbadkc,undisturbed,sem,0.7193999999999999,43.403357068443626
bbadkc,undisturbed,sem,0.7164,44.312200956636936
bbadkc,undisturbed,sem,0.7134,45.3443647114631
bbadkc,undisturbed,sem,0.7101999999999999,46.29385229757387
bbadkc,undisturbed,sem,0.7069,47.37217464178763
bbadkc,undisturbed,sem,0.7037,48.47561434004133
bbadkc,undisturbed,sem,0.7003,49.604756450668724
bbadkc,undisturbed,sem,0.6970999999999999,50.76019965976285
bbadkc,undisturbed,sem,0.6937000000000001,51.94255659860723
bbadkc,undisturbed,sem,0.6903,53.27498322978429
bbadkc,undisturbed,sem,0.6869,54.64158917063968
bbadkc,undisturbed,sem,0.6836,56.04325118630463
bbadkc,undisturbed,sem,0.6801,57.74618816679145
bbadkc,undisturbed,sem,0.6766,59.63803446849771
bbadkc,undisturbed,sem,0.6731,61.733844216218095
bbadkc,undisturbed,sem,0.6694,63.90330525942109
bbadkc,undisturbed,sem,0.6656,66.60752886773541
bbadkc,undisturbed,sem,0.6618,69.42618826765828
bbadkc,undisturbed,sem,0.6579999999999999,72.6981437174214
bbadkc,undisturbed,sem,0.6541,76.299786315698
bbadkc,undisturbed,sem,0.6501,80.26446618497319
bbadkc,undisturbed,sem,0.6462,84.82489323196727
bbadkc,undisturbed,sem,0.6420999999999999,89.85108414372712
bbadkc,undisturbed,sem,0.6378,95.83481783603287
bbadkc,undisturbed,sem,0.6335000000000001,102.45267960702557
bbadkc,undisturbed,sem,0.6292,109.78002407225108
bbadkc,undisturbed,sem,0.6247,118.44679713906699
bbadkc,undisturbed,sem,0.6211,126.91802977807282
bbadkc,undisturbed,sem,0.6188,135.68233899557532
bbadkc,undisturbed,sem,0.6157,145.72139552294357
bbadkc,undisturbed,sem,0.6113000000000001,158.68041282747706
bbadkc,undisturbed,sem,0.6065,173.5894478153026
bbadkc,undisturbed,sem,0.6015,190.77581681288441
bbadkc,undisturbed,sem,0.5966,209.66373669986885
bbadkc,undisturbed,sem,0.5913,232.018877669706
bbadkc,undisturbed,sem,0.5857,258.5373670774415
bbadkc,undisturbed,sem,0.5803,286.763136366549
bbadkc,undisturbed,sem,0.575,317.3389070712537
bbadkc,undisturbed,sem,0.5699000000000001,349.56128058589627
bbadkc,undisturbed,sem,0.5647,384.1698886034099
bbadkc,undisturbed,sem,0.5596,422.20495090928847
bbadkc,undisturbed,sem,0.5545,464.00570648662887
bbadkc,undisturbed,sem,0.5493,508.77214004860303
bbadkc,undisturbed,sem,0.5440999999999999,557.8575583684003
bbadkc,undisturbed,sem,0.5389,608.8682411960889
bbadkc,undisturbed,sem,0.5337,664.5433580240216
bbadkc,undisturbed,sem,0.5287,720.3164312962658
bbadkc,undisturbed,sem,0.5242,773.6122207476185
bbadkc,undisturbed,sem,0.5201,827.0339192165181
bbadkc,undisturbed,sem,0.5157,886.1828105268179
bbadkc,undisturbed,sem,0.5106,958.3481783603291
bbadkc,undisturbed,sem,0.5047,1043.574171307839
bbadkc,undisturbed,sem,0.358,6831.614028603904
bbadkc,undisturbed,dewpoint,0.2949,21954.488418945955
bbadkc,undisturbed,dewpoint,0.24710000000000001,14505.186652756249
bbadkc,undisturbed,dewpoint,0.2723,24633.34116081614
bbadkc,undisturbed,dewpoint,0.09390000000000001,1050807.8818856413
ihdjig,undisturbed,sem,0.6404000000000001,0.009806709750811507
ihdjig,undisturbed,sem,0.6399,0.4949066867673441
ihdjig,undisturbed,sem,0.6394,1.1156380596673867
ihdjig,undisturbed,sem,0.6386999999999999,1.4980396958332003
ihdjig,undisturbed,sem,0.638,1.6769623864532934
ihdjig,undisturbed,sem,0.637,1.9930735316278374
ihdjig,undisturbed,sem,0.636,2.3851918771747025
ihdjig,undisturbed,sem,0.6349,2.7385666917430824
ihdjig,undisturbed,sem,0.6335999999999999,2.947971778866767
ihdjig,undisturbed,sem,0.6324000000000001,3.180704488034336
ihdjig,undisturbed,sem,0.631,3.5524119447362357
ihdjig,undisturbed,sem,0.6296,3.8505549165900095
ihdjig,undisturbed,sem,0.6281,4.18334152652806
ihdjig,undisturbed,sem,0.6267,4.482531206076974
ihdjig,undisturbed,sem,0.6253,4.492864507698596
ihdjig,undisturbed,sem,0.6236999999999999,4.340335706844363
ihdjig,undisturbed,sem,0.6221,4.222049509092886
ihdjig,undisturbed,sem,0.6204,4.461935845976294
ihdjig,undisturbed,sem,0.6186,4.82528891235205
ihdjig,undisturbed,sem,0.6168,5.076019965976284
ihdjig,undisturbed,sem,0.6151,5.47675510426328
ihdjig,undisturbed,sem,0.6132,5.630193508030005
ihdjig,undisturbed,sem,0.6113000000000001,5.787930687860709
ihdjig,undisturbed,sem,0.6095,5.514718157028461
ihdjig,undisturbed,sem,0.6076,4.431220095663693
ihdjig,undisturbed,sem,0.6058,3.877245688167498
ihdjig,undisturbed,sem,0.6038,4.116454521295345
ihdjig,undisturbed,sem,0.6017,4.421028572255448
ihdjig,undisturbed,sem,0.5995,4.693786393412229
ihdjig,undisturbed,sem,0.5972999999999999,4.903693549901232
ihdjig,undisturbed,sem,0.5951,5.242317515734588
ihdjig,undisturbed,sem,0.5928,5.604325118630465
ihdjig,undisturbed,sem,0.5905,5.80127324607461
ihdjig,undisturbed,sem,0.5881000000000001,5.936402259013971
ihdjig,undisturbed,sem,0.5856,5.881976995964632
ihdjig,undisturbed,sem,0.583,5.95008707954718
ihdjig,undisturbed,sem,0.5803,6.230506044382656
ihdjig,undisturbed,sem,0.5776,6.375633173579652
ihdjig,undisturbed,sem,0.575,6.554254813315694
ihdjig,undisturbed,sem,0.5725,6.784585528424125
ihdjig,undisturbed,sem,0.5699000000000001,7.071691747486047
ihdjig,undisturbed,sem,0.5672999999999999,7.269814371742138
ihdjig,undisturbed,sem,0.5646,7.387939352695546
ihdjig,undisturbed,sem,0.5616,7.577454228120764
ihdjig,undisturbed,sem,0.5584,7.753955810964149
ihdjig,undisturbed,sem,0.555,8.044949488872508
ihdjig,undisturbed,sem,0.5512,8.502043480579935
ihdjig,undisturbed,sem,0.5474,8.923255363115508
ihdjig,undisturbed,sem,0.5436,9.322305299117215
ihdjig,undisturbed,sem,0.5399,9.672156648764949
ihdjig,undisturbed,sem,0.5363,10.058270746108281
ihdjig,undisturbed,sem,0.5323,10.556581906913094
ihdjig,undisturbed,sem,0.5278,11.15638059667387
ihdjig,undisturbed,sem,0.5232,11.73608703756209
ihdjig,undisturbed,sem,0.5186,12.345916111386252
ihdjig,undisturbed,sem,0.5142,13.077457631712194
ihdjig,undisturbed,sem,0.5097,13.820486201193232
ihdjig,undisturbed,sem,0.5052,14.639401492375244
ihdjig,undisturbed,sem,0.5008,15.578416889093754
ihdjig,undisturbed,sem,0.4962,16.577663567516886
ihdjig,undisturbed,sem,0.4915,17.6410049438447
ihdjig,undisturbed,sem,0.4868,18.815827447708557
ihdjig,undisturbed,sem,0.4826,20.06888857346377
ihdjig,undisturbed,sem,0.47850000000000004,21.4053987098587
ihdjig,undisturbed,sem,0.474,22.936297953921752
ihdjig,undisturbed,sem,0.4693,24.7470434974706
ihdjig,undisturbed,sem,0.4644,26.762293032411574
ihdjig,undisturbed,sem,0.4594,29.14226624960064
ihdjig,undisturbed,sem,0.45409999999999995,31.88036769134699
ihdjig,undisturbed,sem,0.44909999999999994,34.71549176564265
ihdjig,undisturbed,sem,0.44420000000000004,37.889888012677055
ihdjig,undisturbed,sem,0.43939999999999996,41.44988420880475
ihdjig,undisturbed,sem,0.43479999999999996,45.3443647114631
ihdjig,undisturbed,sem,0.4301,49.83372160325588
ihdjig,undisturbed,sem,0.4252,55.27430895312926
ihdjig,undisturbed,sem,0.4202,61.733844216218095
ihdjig,undisturbed,sem,0.41509999999999997,69.10720390769407
ihdjig,undisturbed,sem,0.41,77.71830525153935
ihdjig,undisturbed,sem,0.40509999999999996,87.8058237684826
ihdjig,undisturbed,sem,0.4004,99.43134672962695
ihdjig,undisturbed,sem,0.3956,112.59609315363025
ihdjig,undisturbed,sem,0.3909,127.50385678607547
ihdjig,undisturbed,sem,0.386,145.05186652756248
ihdjig,undisturbed,sem,0.3807,166.54182585850336
ihdjig,undisturbed,sem,0.3754,191.65639797348211
ihdjig,undisturbed,sem,0.3701,220.55825733157278
ihdjig,undisturbed,sem,0.36479999999999996,253.81852832208085
ihdjig,undisturbed,sem,0.3593,292.0944611143552
ihdjig,undisturbed,sem,0.3538,334.59798533105345
ihdjig,undisturbed,sem,0.3482,382.404788299167
ihdjig,undisturbed,sem,0.3425,432.039367571715
ihdjig,undisturbed,sem,0.3369,483.6412352089672
ihdjig,undisturbed,sem,0.33130000000000004,536.4426777161857
ihdjig,undisturbed,sem,0.3262,588.1976995964632
ihdjig,undisturbed,sem,0.3214,637.5633173579655
ihdjig,undisturbed,sem,0.2503,4881.163124603428
ihdjig,undisturbed,dewpoint,0.0725,219544.88418945955
ihdjig,undisturbed,dewpoint,0.21059999999999998,2298.9171581331193
ihdjig,undisturbed,dewpoint,0.1949,7612.43016768191
ihdjig,undisturbed,dewpoint,0.2189,1868.630020263846
gicmfc,undisturbed,sem,0.4816,0.009806709750811507
gicmfc,undisturbed,sem,0.4819,0.009806709750811507
gicmfc,undisturbed,sem,0.4818,0.7560026567008563
gicmfc,undisturbed,sem,0.4816,1.1926783111339188
gicmfc,undisturbed,sem,0.48100000000000004,1.970259007569533
gicmfc,undisturbed,sem,0.48009999999999997,2.7448797399597558
gicmfc,undisturbed,sem,0.47609999999999997,3.685728337355171
gicmfc,undisturbed,sem,0.4722,5.006374361096844
gicmfc,undisturbed,sem,0.47119999999999995,6.244868844160751
gicmfc,undisturbed,sem,0.4703,7.490715826830087
gicmfc,undisturbed,sem,0.4693,8.861828105268179
gicmfc,undisturbed,sem,0.4682,9.897450118922876
gicmfc,undisturbed,sem,0.4672,10.877355476188338
gicmfc,undisturbed,sem,0.4661,12.03714027672973
gicmfc,undisturbed,sem,0.465,12.868363544725497
gicmfc,undisturbed,sem,0.4639,13.852345712239305
gicmfc,undisturbed,sem,0.46270000000000006,14.40533365019336
gicmfc,undisturbed,sem,0.46149999999999997,14.207685062858674
gicmfc,undisturbed,sem,0.46020000000000005,14.077428223256183
gicmfc,undisturbed,sem,0.45899999999999996,14.372202302183085
gicmfc,undisturbed,sem,0.4578,14.980396958332001
gicmfc,undisturbed,sem,0.45649999999999996,15.188795038907937
gicmfc,undisturbed,sem,0.4551,13.72534664338506
gicmfc,undisturbed,sem,0.4537,13.852345712239305
gicmfc,undisturbed,sem,0.4524,16.088787725917562
gicmfc,undisturbed,sem,0.451,16.885865343931187
gicmfc,undisturbed,sem,0.4495,17.88641576840119
gicmfc,undisturbed,sem,0.4481,18.90267736112165
gicmfc,undisturbed,sem,0.4465,18.815827447708557
gicmfc,undisturbed,sem,0.445,19.657275375990835
gicmfc,undisturbed,sem,0.4434,21.16037313699647
gicmfc,undisturbed,sem,0.44179999999999997,21.80335478372678
gicmfc,undisturbed,sem,0.4401,21.703177468158962
gicmfc,undisturbed,sem,0.4384,22.517663336756158
gicmfc,undisturbed,sem,0.4366,24.183732014340734
gicmfc,undisturbed,sem,0.4347,25.26523381159914
gicmfc,undisturbed,sem,0.43270000000000003,26.762293032411574
gicmfc,undisturbed,sem,0.4307,28.413407612961752
gicmfc,undisturbed,sem,0.42869999999999997,30.166388627557918
gicmfc,undisturbed,sem,0.4267,32.02752078260838
gicmfc,undisturbed,sem,0.42450000000000004,34.16042943935156
gicmfc,undisturbed,sem,0.42219999999999996,36.4353815395723
gicmfc,undisturbed,sem,0.42,38.772456881674984
gicmfc,undisturbed,sem,0.4178,41.06986938619005
gicmfc,undisturbed,sem,0.4155,43.60369786204986
gicmfc,undisturbed,sem,0.4132,46.400570648662914
gicmfc,undisturbed,sem,0.41090000000000004,49.14997730994815
gicmfc,undisturbed,sem,0.40869999999999995,52.18231254639008
gicmfc,undisturbed,sem,0.4065,55.27430895312926
gicmfc,undisturbed,sem,0.4043,58.280507067261546
gicmfc,undisturbed,sem,0.4023,61.16786493046251
gicmfc,undisturbed,sem,0.4003,64.19826951459486
gicmfc,undisturbed,sem,0.3983,67.53413189478148
gicmfc,undisturbed,sem,0.3962,71.04333193505902
gicmfc,undisturbed,sem,0.39399999999999996,75.0798371018482
gicmfc,undisturbed,sem,0.39159999999999995,79.34568643814244
gicmfc,undisturbed,sem,0.38909999999999995,84.0472139363515
gicmfc,undisturbed,sem,0.38659999999999994,89.43825591157386
gicmfc,undisturbed,sem,0.3839,95.175095590461
gicmfc,undisturbed,sem,0.3811,101.51338779450472
gicmfc,undisturbed,sem,0.37829999999999997,108.02476287781963
gicmfc,undisturbed,sem,0.37560000000000004,114.95379721176907
gicmfc,undisturbed,sem,0.37270000000000003,122.89191779441367
gicmfc,undisturbed,sem,0.36979999999999996,131.07604285006934
gicmfc,undisturbed,sem,0.3669,139.80519889009503
gicmfc,undisturbed,sem,0.3638,149.80396958332008
gicmfc,undisturbed,sem,0.3605,160.5178454097546
gicmfc,undisturbed,sem,0.35719999999999996,171.99797019169785
gicmfc,undisturbed,sem,0.3538,184.29914552208655
gicmfc,undisturbed,sem,0.3503,197.48009236571062
gicmfc,undisturbed,sem,0.34700000000000003,210.63150053746
gicmfc,undisturbed,sem,0.34380000000000005,224.1420407150494
gicmfc,undisturbed,sem,0.3407,239.0690312313062
gicmfc,undisturbed,sem,0.3379,253.81852832208085
gicmfc,undisturbed,sem,0.3348,270.7218578047038
gicmfc,undisturbed,sem,0.33149999999999996,289.4165229983414
gicmfc,undisturbed,sem,0.3281,310.8302814568348
gicmfc,undisturbed,sem,0.3246,333.0606472334375
gicmfc,undisturbed,sem,0.321,357.7036087962339
gicmfc,undisturbed,sem,0.31739999999999996,384.1698886034099
gicmfc,undisturbed,sem,0.31370000000000003,411.6454521295347
gicmfc,undisturbed,sem,0.31,441.08604887005913
gicmfc,undisturbed,sem,0.3061,473.72174641787655
gicmfc,undisturbed,sem,0.3018,507.60199659762844
gicmfc,undisturbed,sem,0.2975,541.4063206997649
gicmfc,undisturbed,sem,0.2932,578.7930687860708
gicmfc,undisturbed,sem,0.2888,618.7615542460043
gicmfc,undisturbed,sem,0.2847,658.4507878965121
gicmfc,undisturbed,sem,0.2809,699.074276143727
gicmfc,undisturbed,sem,0.27699999999999997,742.2040531337091
gicmfc,undisturbed,sem,0.2733,787.9947457469448
gicmfc,undisturbed,sem,0.2699,834.6863698525825
gicmfc,undisturbed,sem,0.2667,882.1111703621967
gicmfc,undisturbed,sem,0.2636,934.3795432266548
gicmfc,undisturbed,sem,0.2606,989.7450118922875
gicmfc,undisturbed,sem,0.2579,1048.3910908225455
gicmfc,undisturbed,sem,0.2089,3841.698886034099
gicmfc,undisturbed,dewpoint,0.0301,1263348.9440067618
gicmfc,undisturbed,dewpoint,0.0733,303056.303509193
gicmfc,undisturbed,dewpoint,0.054299999999999994,514663.4437730064
gicmfc,undisturbed,dewpoint,0.0765,229891.7158133119
icfcjd,undisturbed,sem,0.5406,0.009806709750811507
icfcjd,undisturbed,sem,0.5395,0.009806709750811507
icfcjd,undisturbed,sem,0.5382,0.009806709750811507
icfcjd,undisturbed,sem,0.5368999999999999,0.009806709750811507
icfcjd,undisturbed,sem,0.5355,0.009806709750811507
icfcjd,undisturbed,sem,0.534,0.009806709750811507
icfcjd,undisturbed,sem,0.5325,0.009806709750811507
icfcjd,undisturbed,sem,0.5307999999999999,0.57613375619517
icfcjd,undisturbed,sem,0.5292,1.3077457631712193
icfcjd,undisturbed,sem,0.5274,1.8514983172630393
icfcjd,undisturbed,sem,0.5256000000000001,2.072637357519929
icfcjd,undisturbed,sem,0.5238,2.423948127424592
icfcjd,undisturbed,sem,0.5219,2.975249025893902
icfcjd,undisturbed,sem,0.5199,3.4318106817463527
icfcjd,undisturbed,sem,0.5178,3.9131214008114275
icfcjd,undisturbed,sem,0.5158,4.4108604887005916
icfcjd,undisturbed,sem,0.5135000000000001,4.431220095663693
icfcjd,undisturbed,sem,0.5113,4.544889426761414
icfcjd,undisturbed,sem,0.509,4.9376843297398745
icfcjd,undisturbed,sem,0.5065,5.122987800444438
icfcjd,undisturbed,sem,0.504,5.327498322978427
icfcjd,undisturbed,sem,0.5014,5.630193508030005
icfcjd,undisturbed,sem,0.4989,5.7480868532624845
icfcjd,undisturbed,sem,0.4962,5.90912696820035
icfcjd,undisturbed,sem,0.49340000000000006,6.509135640543967
icfcjd,undisturbed,sem,0.4904,6.8789685147735264
icfcjd,undisturbed,sem,0.4875,7.120710372901656
icfcjd,undisturbed,sem,0.48450000000000004,7.456299113867491
icfcjd,undisturbed,sem,0.4815,7.825702280726645
icfcjd,undisturbed,sem,0.4783,8.044949488872508
icfcjd,undisturbed,sem,0.4752,8.308513343407405
icfcjd,undisturbed,sem,0.47229999999999994,8.640190573869178
icfcjd,undisturbed,sem,0.4697,9.00582122842358
icfcjd,undisturbed,sem,0.4669,9.408563528022018
icfcjd,undisturbed,sem,0.46399999999999997,9.806709750811507
icfcjd,undisturbed,sem,0.461,10.198195230301351
icfcjd,undisturbed,sem,0.4578,10.556581906913094
icfcjd,undisturbed,sem,0.4546,11.028674564012576
icfcjd,undisturbed,sem,0.451,11.73608703756209
icfcjd,undisturbed,sem,0.4475,12.48887508229459
icfcjd,undisturbed,sem,0.44409999999999994,13.137820433514776
icfcjd,undisturbed,sem,0.44,13.852345712239305
icfcjd,undisturbed,sem,0.4362,14.47182564921296
icfcjd,undisturbed,sem,0.4379,15.153861779706135
icfcjd,undisturbed,sem,0.4387,15.904620895734375
icfcjd,undisturbed,sem,0.4341,16.654182585850336
icfcjd,undisturbed,sem,0.4302,17.519565120005208
icfcjd,undisturbed,sem,0.4263,18.387526924982776
icfcjd,undisturbed,sem,0.4225,19.254104371204036
icfcjd,undisturbed,sem,0.41869999999999996,20.254583713119704
icfcjd,undisturbed,sem,0.41479999999999995,21.25804498160943
icfcjd,undisturbed,sem,0.41090000000000004,22.36265283267222
icfcjd,undisturbed,sem,0.40700000000000003,23.57888811531645
icfcjd,undisturbed,sem,0.40299999999999997,24.861270660265244
icfcjd,undisturbed,sem,0.39899999999999997,26.213398011820146
icfcjd,undisturbed,sem,0.3948,27.766639493575422
icfcjd,undisturbed,sem,0.39049999999999996,29.411916319224602
icfcjd,undisturbed,sem,0.3862,31.29848540370068
icfcjd,undisturbed,sem,0.3818,33.30606472334373
icfcjd,undisturbed,sem,0.3774,35.524119447362345
icfcjd,undisturbed,sem,0.373,37.889888012677055
icfcjd,undisturbed,sem,0.36829999999999996,40.88117047693321
icfcjd,undisturbed,sem,0.36329999999999996,44.312200956636936
icfcjd,undisturbed,sem,0.358,48.252889123520504
icfcjd,undisturbed,sem,0.3527,52.66514953959977
icfcjd,undisturbed,sem,0.34759999999999996,57.61337561951699
icfcjd,undisturbed,sem,0.3421,63.75633173579652
icfcjd,undisturbed,sem,0.33640000000000003,71.37125305594965
icfcjd,undisturbed,sem,0.3308,80.63495012769036
icfcjd,undisturbed,sem,0.32520000000000004,91.52154051612627
icfcjd,undisturbed,sem,0.31980000000000003,104.3574171307839
icfcjd,undisturbed,sem,0.3143,120.09455622334282
icfcjd,undisturbed,sem,0.30879999999999996,139.16285234910836
icfcjd,undisturbed,sem,0.3036,162.0030987466059
icfcjd,undisturbed,sem,0.2985,189.89928155520758
icfcjd,undisturbed,sem,0.2933,223.6265283267222
icfcjd,undisturbed,sem,0.2884,263.9510060631863
icfcjd,undisturbed,sem,0.284,307.27223664724147
icfcjd,undisturbed,sem,0.28,359.35469363626265
icfcjd,undisturbed,sem,0.2753,428.07840684132367
icfcjd,undisturbed,sem,0.2701,509.94498095881795
icfcjd,undisturbed,sem,0.26539999999999997,595.0087079547179
icfcjd,undisturbed,sem,0.2606,691.0720390769403
icfcjd,undisturbed,sem,0.256,802.6446618497314
icfcjd,undisturbed,sem,0.25170000000000003,921.55937527791
icfcjd,undisturbed,sem,0.1864,6831.614028603904
icfcjd,undisturbed,dewpoint,0.0441,418334.15265280585
icfcjd,undisturbed,dewpoint,0.1961,2096.637366998689
icfcjd,undisturbed,dewpoint,0.1856,5514.718157028461
